exposure	outcome	outcome_id	outcome_type	method	method_id	nsnp	beta	SE	p_value	beta_lower_95CI	beta_upper_95CI	OR	OR_lower_95CI	OR_upper_95CI	qc_pass	qc_message
Asthma	Allergic rhinitis	ALLERG_RHINITIS	binary	Inverse variance weighted	mr_ivw	652	0.000620712080544741	0.000973801865307224	0.523857125177319	-0.00128793957545742	0.0025293637365469	1.00062090476215	0.998712889462762	1.00253256527572	TRUE	PASS
Asthma	Allergic rhinitis	ALLERG_RHINITIS	binary	MR Egger	mr_egger_regression	652	-0.00089283853512164	0.000726497222373427	0.219530234384257	-0.00231677309097356	0.000531096020730277	0.999107559926607	0.997685908556481	1.00053123707719	TRUE	PASS
Asthma	Allergic rhinitis	ALLERG_RHINITIS	binary	Weighted median	mr_weighted_median	652	-0.000150969814995864	0.000766527752656505	0.843864445958909	-0.00165336421020261	0.00135142458021088	0.999849041580373	0.998348001843438	1.00135233816591	TRUE	PASS
Asthma	Allergic rhinitis	ALLERG_RHINITIS	binary	Simple mode	mr_simple_mode	652	-0.0107754565582296	0.097434844313319	0.911974446348806	-0.201747751412335	0.180196838295876	0.989282390710439	0.817301064981594	1.19745304454216	TRUE	PASS
Asthma	Allergic rhinitis	ALLERG_RHINITIS	binary	Weighted mode	mr_weighted_mode	652	-0.0107754565582296	0.0903342318953625	0.905086912918125	-0.18783055107314	0.166279637956681	0.989282390710439	0.828755127002255	1.18090328093632	TRUE	PASS
Asthma	Bronchiectasis	J10_BRONCHIECTASIS	binary	Inverse variance weighted	mr_ivw	652	0.000842130210195404	0.00122103776688157	0.490392930343358	-0.00155110381289247	0.00323536423328327	1.0008424849014	0.998450098526895	1.00324060367312	TRUE	PASS
Asthma	Bronchiectasis	J10_BRONCHIECTASIS	binary	MR Egger	mr_egger_regression	652	0.000391970094706099	0.00121125706272887	0.746340407920698	-0.00198209374824248	0.00276603393765468	1.00039204692502	0.998019869302373	1.0027698629391	TRUE	PASS
Asthma	Bronchiectasis	J10_BRONCHIECTASIS	binary	Weighted median	mr_weighted_median	652	0.00117995947124045	0.00171297649981076	0.490926628380167	-0.00217747446838864	0.00453739341086954	1.00118065589731	0.997824894509367	1.00454770296729	TRUE	PASS
Asthma	Bronchiectasis	J10_BRONCHIECTASIS	binary	Simple mode	mr_simple_mode	652	-0.240907096296854	0.19212018013672	0.210314056166436	-0.617462649364825	0.135648456771116	0.785914637376966	0.539311124403671	1.14527920766762	TRUE	PASS
Asthma	Bronchiectasis	J10_BRONCHIECTASIS	binary	Weighted mode	mr_weighted_mode	652	-0.240907096296854	0.194326359203547	0.215531720766786	-0.621786760335807	0.139972567742098	0.785914637376966	0.536984117996682	1.15024224468252	TRUE	PASS
Asthma	Eosinophilic disease	EOSINOPHIL_DISEASE	binary	Inverse variance weighted	mr_ivw	652	0.000145597349940325	0.00270674242874457	0.957101983881824	-0.00515961781039902	0.00545081251027967	1.00014560794975	0.994853670154147	1.00546569521745	TRUE	PASS
Asthma	Eosinophilic disease	EOSINOPHIL_DISEASE	binary	MR Egger	mr_egger_regression	652	-0.000937428446245889	0.00267862973753881	0.726477828775669	-0.00618754273182196	0.00431268583933018	0.999063010802535	0.993831560689321	1.00432199885212	TRUE	PASS
Asthma	Eosinophilic disease	EOSINOPHIL_DISEASE	binary	Weighted median	mr_weighted_median	652	0.000255250723116834	0.00405321347880036	0.949786489648805	-0.00768904769533187	0.00819954914156554	1.00025528330235	0.992340437412701	1.00823325751279	TRUE	PASS
Asthma	Eosinophilic disease	EOSINOPHIL_DISEASE	binary	Simple mode	mr_simple_mode	652	-0.0559352055280824	0.368584291083136	0.879425701900198	-0.77836041605103	0.666490004994865	0.945600403584266	0.459158222932016	1.94738998149472	TRUE	PASS
Asthma	Eosinophilic disease	EOSINOPHIL_DISEASE	binary	Weighted mode	mr_weighted_mode	652	-0.0559352055280824	0.373642158999708	0.881045617079096	-0.788273837167511	0.676403426111346	0.945600403584266	0.454628881835533	1.96679128622145	TRUE	PASS
Asthma	BMI (inverse-rank normalized)	BMI_IRN	continuous	Inverse variance weighted	mr_ivw	652	-0.000217175347883562	0.000166409397584385	0.191870168256249	-0.000543337767148956	0.000108987071381832	NA	NA	NA	TRUE	PASS
Asthma	BMI (inverse-rank normalized)	BMI_IRN	continuous	MR Egger	mr_egger_regression	652	-0.000233716890546036	0.000167060675281954	0.162291750300762	-0.000561155814098666	9.37220330065934e-05	NA	NA	NA	TRUE	PASS
Asthma	BMI (inverse-rank normalized)	BMI_IRN	continuous	Weighted median	mr_weighted_median	652	-0.000128751328174222	0.000146609081540511	0.379838031486786	-0.000416105127993623	0.00015860247164518	NA	NA	NA	TRUE	PASS
Asthma	BMI (inverse-rank normalized)	BMI_IRN	continuous	Simple mode	mr_simple_mode	652	0.0126577689416154	0.0177298371619552	0.475529611755165	-0.0220927118958169	0.0474082497790476	NA	NA	NA	TRUE	PASS
Asthma	BMI (inverse-rank normalized)	BMI_IRN	continuous	Weighted mode	mr_weighted_mode	652	0.0126577689416154	0.0158270114394264	0.424143111482321	-0.0183631734796604	0.0436787113628911	NA	NA	NA	TRUE	PASS
Asthma	NAFLD	NAFLD	binary	Inverse variance weighted	mr_ivw	652	-9.63147371930543e-05	0.00103165834224751	0.925618249030925	-0.00211836508799817	0.00192573561361206	0.999903689900922	0.997883877063813	1.00192759103326	TRUE	PASS
Asthma	NAFLD	NAFLD	binary	MR Egger	mr_egger_regression	652	-0.000260652319456782	0.00103420128983567	0.801095624646606	-0.00228768684753469	0.00176638220862113	0.999739381647408	0.997714927913723	1.00176794318063	TRUE	PASS
Asthma	NAFLD	NAFLD	binary	Weighted median	mr_weighted_median	652	-1.91145673956523e-05	0.00143617954108685	0.989381015725656	-0.00283402646792588	0.00279579733313458	0.999980885615287	0.997169985594093	1.00279970921926	TRUE	PASS
Asthma	NAFLD	NAFLD	binary	Simple mode	mr_simple_mode	652	-0.024561600074165	0.129876621301096	0.850061732114109	-0.279119777824314	0.229996577675984	0.975737581559728	0.756449291938153	1.25859570259981	TRUE	PASS
Asthma	NAFLD	NAFLD	binary	Weighted mode	mr_weighted_mode	652	-0.024561600074165	0.139046464409694	0.859843667445563	-0.297092670317166	0.247969470168836	0.975737581559728	0.7429751574281	1.28142081003585	TRUE	PASS
Asthma	CRP	3020460	continuous	Inverse variance weighted	mr_ivw	641	-0.000201702307536281	0.000125882720136605	0.109088539366306	-0.000448432439004026	4.5027823931464e-05	NA	NA	NA	TRUE	PASS
Asthma	CRP	3020460	continuous	MR Egger	mr_egger_regression	641	-0.000188614747678357	0.000126365206536931	0.136031239299979	-0.000436290552490742	5.90610571340272e-05	NA	NA	NA	TRUE	PASS
Asthma	CRP	3020460	continuous	Weighted median	mr_weighted_median	641	2.15809176289995e-05	0.000171749416382106	0.900006200875723	-0.000315047938479928	0.000358209773737927	NA	NA	NA	TRUE	PASS
Asthma	CRP	3020460	continuous	Simple mode	mr_simple_mode	641	-0.00437714502744927	0.00533943874512365	0.412648863239577	-0.0148424449678916	0.00608815491299309	NA	NA	NA	TRUE	PASS
Asthma	CRP	3020460	continuous	Weighted mode	mr_weighted_mode	641	-0.00437714502744927	0.00533079501807819	0.411891931891153	-0.0148255032628825	0.00607121320798399	NA	NA	NA	TRUE	PASS
Asthma	ALT	3006923	continuous	Inverse variance weighted	mr_ivw	642	0.000129384739787473	0.00016646411655694	0.437009497895474	-0.00019688492866413	0.000455654408239076	NA	NA	NA	TRUE	PASS
Asthma	ALT	3006923	continuous	MR Egger	mr_egger_regression	642	0.000132631604014461	0.000167270305459764	0.428119549022599	-0.000195218194686677	0.000460481402715599	NA	NA	NA	TRUE	PASS
Asthma	ALT	3006923	continuous	Weighted median	mr_weighted_median	642	2.86064762921781e-05	0.000136197397306162	0.833638889490943	-0.0002383404224279	0.000295553375012256	NA	NA	NA	TRUE	PASS
Asthma	ALT	3006923	continuous	Simple mode	mr_simple_mode	642	-0.000877150669458919	0.00606933506761492	0.885133942694217	-0.0127730474019842	0.0110187460630663	NA	NA	NA	TRUE	PASS
Asthma	ALT	3006923	continuous	Weighted mode	mr_weighted_mode	642	-0.000877150669458919	0.00602805051101758	0.884352781116384	-0.0126921296710534	0.0109378283321355	NA	NA	NA	TRUE	PASS
Asthma	AST	3013721	continuous	Inverse variance weighted	mr_ivw	623	-0.000204128417726959	0.000236521068632343	0.388112511845959	-0.000667709712246352	0.000259452876792433	NA	NA	NA	TRUE	PASS
Asthma	AST	3013721	continuous	MR Egger	mr_egger_regression	623	-0.000135024978981353	0.000235669822549284	0.56689181540799	-0.00059693783117795	0.000326887873215243	NA	NA	NA	TRUE	PASS
Asthma	AST	3013721	continuous	Weighted median	mr_weighted_median	623	-1.7566361478985e-05	0.00026086011253327	0.946310907095871	-0.000528852182044194	0.000493719459086224	NA	NA	NA	TRUE	PASS
Asthma	AST	3013721	continuous	Simple mode	mr_simple_mode	623	0.00240513804325341	0.0109282365063689	0.825877375191073	-0.0190142055092297	0.0238244815957365	NA	NA	NA	TRUE	PASS
Asthma	AST	3013721	continuous	Weighted mode	mr_weighted_mode	623	0.00240513804325341	0.0103339885113237	0.816039451741758	-0.0178494794389411	0.0226597555254479	NA	NA	NA	TRUE	PASS
Asthma	GGT	3026910	continuous	Inverse variance weighted	mr_ivw	641	0.000147629075141017	0.000173987324118872	0.396156914851143	-0.000193386080131972	0.000488644230414006	NA	NA	NA	TRUE	PASS
Asthma	GGT	3026910	continuous	MR Egger	mr_egger_regression	641	0.000139111624587173	0.000174792533026295	0.426404840219887	-0.000203481740144365	0.000481704989318711	NA	NA	NA	TRUE	PASS
Asthma	GGT	3026910	continuous	Weighted median	mr_weighted_median	641	0.000126292842174107	0.000183935566112862	0.492325635821049	-0.000234220867407102	0.000486806551755316	NA	NA	NA	TRUE	PASS
Asthma	GGT	3026910	continuous	Simple mode	mr_simple_mode	641	0.00709073343029826	0.00612583555899451	0.247494693850975	-0.00491590426533099	0.0190973711259275	NA	NA	NA	TRUE	PASS
Asthma	GGT	3026910	continuous	Weighted mode	mr_weighted_mode	641	-0.00672790090857767	0.00579079509309026	0.24573892273336	-0.0180778592910346	0.00462205747387923	NA	NA	NA	TRUE	PASS
Asthma	HDL cholesterol	3023602	continuous	Inverse variance weighted	mr_ivw	642	-9.28083117096095e-05	0.000212500536423005	0.66229709258839	-0.0005093093630987	0.000323692739679481	NA	NA	NA	TRUE	PASS
Asthma	HDL cholesterol	3023602	continuous	MR Egger	mr_egger_regression	642	-0.000127116332331192	0.00021301096825867	0.550878952858683	-0.000544617830118185	0.000290385165455802	NA	NA	NA	TRUE	PASS
Asthma	HDL cholesterol	3023602	continuous	Weighted median	mr_weighted_median	642	-0.000112528530616488	0.000148094134250892	0.447347470158314	-0.000402793033748237	0.000177735972515261	NA	NA	NA	TRUE	PASS
Asthma	HDL cholesterol	3023602	continuous	Simple mode	mr_simple_mode	642	0.000827730440573396	0.0103525278418416	0.936298456231096	-0.0194632241294361	0.0211186850105829	NA	NA	NA	TRUE	PASS
Asthma	HDL cholesterol	3023602	continuous	Weighted mode	mr_weighted_mode	642	0.000827730440573396	0.010578089700331	0.937653991233798	-0.0199053253720753	0.0215607862532221	NA	NA	NA	TRUE	PASS
Asthma	LDL cholesterol	3001308	continuous	Inverse variance weighted	mr_ivw	642	-0.000196007395861295	0.000255742729498248	0.4434239868505	-0.000697263145677862	0.000305248353955271	NA	NA	NA	TRUE	PASS
Asthma	LDL cholesterol	3001308	continuous	MR Egger	mr_egger_regression	642	-0.000170455036015959	0.000256749199669301	0.506995293577249	-0.000673683467367789	0.000332773395335871	NA	NA	NA	TRUE	PASS
Asthma	LDL cholesterol	3001308	continuous	Weighted median	mr_weighted_median	642	-0.000149086480708138	0.000154389973681393	0.334219986745381	-0.000451690829123668	0.000153517867707393	NA	NA	NA	TRUE	PASS
Asthma	LDL cholesterol	3001308	continuous	Simple mode	mr_simple_mode	642	-0.00555061906377254	0.00939577987263119	0.554891741392517	-0.0239663476141297	0.0128651094865846	NA	NA	NA	TRUE	PASS
Asthma	LDL cholesterol	3001308	continuous	Weighted mode	mr_weighted_mode	642	-0.00555061906377254	0.00920689302115828	0.546804109586457	-0.0235961293852428	0.0124948912576977	NA	NA	NA	TRUE	PASS
Asthma	Triglycerides (fasting)	3048773	continuous	Inverse variance weighted	mr_ivw	641	-1.99703846322911e-05	0.000270615945307765	0.941172679505121	-0.00055037763743551	0.000510436868170928	NA	NA	NA	TRUE	PASS
Asthma	Triglycerides (fasting)	3048773	continuous	MR Egger	mr_egger_regression	641	5.88364874611898e-05	0.000269738714649913	0.827402136613729	-0.00046985139325264	0.00058752436817502	NA	NA	NA	TRUE	PASS
Asthma	Triglycerides (fasting)	3048773	continuous	Weighted median	mr_weighted_median	641	-8.46941467360415e-05	0.000165716518477172	0.609296102593955	-0.000409498522951299	0.000240110229479216	NA	NA	NA	TRUE	PASS
Asthma	Triglycerides (fasting)	3048773	continuous	Simple mode	mr_simple_mode	641	0.00419694046167799	0.00766884120372477	0.584382801594967	-0.0108339882976226	0.0192278692209785	NA	NA	NA	TRUE	PASS
Asthma	Triglycerides (fasting)	3048773	continuous	Weighted mode	mr_weighted_mode	641	0.00419694046167799	0.00767907776741066	0.584883737299352	-0.0108540519624469	0.0192479328858029	NA	NA	NA	TRUE	PASS
