file	columns	likely_build	has_beta	has_se	has_or	has_ci	has_p
495_PheCode.v1.0.fastGWA.tsv	chromosome | variant_id | base_pair_location | effect_allele | other_allele | N | effect_allele_frequency | T | SE_T | P_noSPA | beta | standard_error | p_value | CONVERGE	unknown	TRUE	TRUE	FALSE	FALSE	TRUE
asthma_DISCOVERY.tsv	chromosome | base_pair_location | effect_allele | other_allele | beta | standard_error | effect_allele_frequency | p_value | VARIANT_id | INFO | N | TEST | CHISQ | LOG10P	unknown	TRUE	TRUE	FALSE	FALSE	TRUE
GCST90029018_buildGRCh37.tsv	variant_id | chromosome | base_pair_location | effect_allele | other_allele | REF | effect_allele_frequency | beta | standard_error | p_value | n | INFO	GRCh37	TRUE	TRUE	FALSE	FALSE	TRUE
GCST90077671_buildGRCh38.tsv	Name | chromosome | base_pair_location | other_allele | effect_allele | Trait | Cohort | Model | odds_ratio | ci_lower | ci_upper | p_value | effect_allele_frequency | standard_error	GRCh38	FALSE	TRUE	TRUE	TRUE	TRUE
GCST90077672_buildGRCh38.tsv	Name | chromosome | base_pair_location | other_allele | effect_allele | Trait | Cohort | Model | odds_ratio | ci_lower | ci_upper | p_value | effect_allele_frequency | standard_error	GRCh38	FALSE	TRUE	TRUE	TRUE	TRUE
GCST90079456_buildGRCh38.tsv	Name | chromosome | base_pair_location | other_allele | effect_allele | Trait | Cohort | Model | odds_ratio | ci_lower | ci_upper | p_value | effect_allele_frequency | standard_error	GRCh38	FALSE	TRUE	TRUE	TRUE	TRUE
GCST90080141_buildGRCh38.tsv	Name | chromosome | base_pair_location | other_allele | effect_allele | Trait | Cohort | Model | odds_ratio | ci_lower | ci_upper | p_value | effect_allele_frequency | standard_error	GRCh38	FALSE	TRUE	TRUE	TRUE	TRUE
GCST90081448_buildGRCh38.tsv	Name | chromosome | base_pair_location | other_allele | effect_allele | Trait | Cohort | Model | odds_ratio | ci_lower | ci_upper | p_value | effect_allele_frequency | standard_error	GRCh38	FALSE	TRUE	TRUE	TRUE	TRUE
HanY_prePMID_asthma_UKBB.txt.gz	SNP | CHR | BP | EA | NEA | EAF | INFO | OR | OR_95L | OR_95U | P | N	unknown	FALSE	FALSE	TRUE	TRUE	TRUE
Shrine_30552067_moderate-severe_asthma.txt.gz	#SNP | Chromosome | Position_b37 | Coded | Non_coded | Coded_freq | INFO | beta | SE_GC | OR | OR_L95 | OR_U95 | P_GC	GRCh37	TRUE	TRUE	TRUE	TRUE	TRUE
ukb.allasthma.final.assoc	SNP | CHR | BP | A1 | A2 | BETA | SE | P	unknown	TRUE	TRUE	FALSE	FALSE	TRUE
UKBB.asthma-2.assoc	SNP | CHR | POS | A1 | A2 | OR | SE | STAT | P	unknown	FALSE	TRUE	TRUE	FALSE	TRUE
